{"cameraMode":{"drawMode":0,"name":"Shaded","section":"Shading Mode"},"sceneLighting":true,"audioPlay":false,"sceneViewState":{"showFog":true,"showMaterialUpdate":true,"showSkybox":true,"showFlares":true,"showImageEffects":true,"showParticleSystems":true},"in2DMode":false,"pivot":{"x":-1.3014122247695923,"y":7.841763973236084,"z":-7.852931976318359},"rotation":{"x":-0.3311033844947815,"y":0.04159265384078026,"z":-0.014612516388297081,"w":-0.9425814151763916},"size":10.0,"orthographic":false}